{
    "loss": 2.1442196369171143,
    "accuracy": 0.6551724076271057
}